Workbook

Sheet Sheet1
B1: 格ゲー | E1: 開始日 | F1: 45931
E2: 終了日 | F2: 46053
B4: タスク | C4: 担当者 | D4: 工数 | E4: 開始日 | F4: 完了日 | G4: =G5 -> 45931 | N4: =N5 -> 45938 | U4: =U5 -> 45945 | AB4: =AB5 -> 45952 | AI4: =AI5 -> 45959 | AP4: =AP5 -> 45966 | AW4: =AW5 -> 45973 | BD4: =BD5 -> 45980 | BK4: =BK5 -> 45987 | BR4: =BR5 -> 45994 | BY4: =BY5 -> 46001 | CF4: =CF5 -> 46008 | CM4: =CM5 -> 46015 | CT4: =CT5 -> 46022 | DA4: =DA5 -> 46029 | DH4: =DH5 -> 46036 | DO4: =DO5 -> 46043 | DV4: =DV5 -> 46050 | EC4: =EC5 -> 46057 | EJ4: =EJ5 -> 46064 | EQ4: =EQ5 -> 46071
G5: =F1 -> 45931 | H5: =G5+1 -> 45932 | I5: =H5+1 -> 45933 | J5: =I5+1 -> 45934 | K5: =J5+1 -> 45935 | L5: =K5+1 -> 45936 | M5: =L5+1 -> 45937 | N5: =M5+1 -> 45938 | O5: =N5+1 -> 45939 | ... EW5: =EV5+1 -> 46077
B6: 格ゲー
B7: キャラモテル導入 | D7: 1 | E7: 45943 | F7: =IF(E7="","",WORKDAY.INTL(E7,(D7-1),"1100001",祝日!$B$1:$B$16)) -> 45943
B8: キャラモーション導入 | D8: 1 | E8: =F7+1 -> 45944 | F8: =IF(E8="","",WORKDAY.INTL(E8,(D8-1),"0000001",祝日!$B$1:$B$16)) -> 45944
B9: コリジョン出るタイミング | D9: 3 | E9: =F8+1 -> 45945 | F9: =IF(E9="","",WORKDAY.INTL(E9,(D9-1),"1101001",祝日!$B$1:$B$16)) -> 45948
B10: ジャンプ処理 | D10: 1 | E10: =F9+1 -> 45949 | F10: =IF(E10="","",WORKDAY.INTL(E10,(D10-1),"1101001",祝日!$B$1:$B$16)) -> 45949
B11: ジャンプ攻撃処理 | D11: 3 | E11: =F10+1 -> 45950 | F11: =IF(E11="","",WORKDAY.INTL(E11,(D11-1),"1101001",祝日!$B$1:$B$16)) -> 45954
B12: 走り処理 | D12: 9 | E12: =F11+1 -> 45955 | F12: =IF(E12="","",WORKDAY.INTL(E12,(D12-1),"1100001",祝日!$B$1:$B$16)) -> 45969
B13: 走り攻撃処理 | D13: 13 | E13: =F12+1 -> 45970 | F13: =IF(E13="","",WORKDAY.INTL(E13,(D13-1),"1100001",祝日!$B$1:$B$16)) -> 45990
B14: ガード処理 | D14: 7 | E14: =F13+1 -> 45991 | F14: =IF(E14="","",WORKDAY.INTL(E14,(D14-1),"1100001",祝日!$B$1:$B$16)) -> 46002
B15: カウンター処理 | D15: 2 | E15: =F14+1 -> 46003 | F15: =IF(E15="","",WORKDAY.INTL(E15,(D15-1),"1100001",祝日!$B$1:$B$16)) -> 46004
B16: 攻撃を受ける処理 | D16: 2 | E16: =F15+1 -> 46005 | F16: =IF(E16="","",WORKDAY.INTL(E16,(D16-1),"1100001",祝日!$B$1:$B$16)) -> 46008
B17: エイム処理 | D17: 14 | E17: =F16+1 -> 46009 | F17: =IF(E17="","",WORKDAY.INTL(E17,(D17-1),"1100001",祝日!$B$1:$B$16)) -> 46031
B18: UI(HP) | D18: 4 | E18: =F17+1 -> 46032 | F18: =IF(E18="","",WORKDAY.INTL(E18,(D18-1),"1100001",祝日!$B$1:$B$16)) -> 46038
B19: プレイヤー２のモーションを入れる | D19: 7 | E19: =F18+1 -> 46039 | F19: =IF(E19="","",WORKDAY.INTL(E19,(D19-1),"1100001",祝日!$B$1:$B$16)) -> 46051
B20: カメラを二人の間に見る | D20: 1 | E20: =F19+1 -> 46052 | F20: =IF(E20="","",WORKDAY.INTL(E20,(D20-1),"1100001",祝日!$B$1:$B$16)) -> 46052
B21: ゲームループ | D21: 1 | E21: =F20+1 -> 46053 | F21: =IF(E21="","",WORKDAY.INTL(E21,(D21-1),"1100001",祝日!$B$1:$B$16)) -> 46053
B22: 簡単なUI（マニュアル） | D22: 0.5 | E22: =F21+1 -> 46054 | F22: =IF(E22="","",WORKDAY.INTL(E22,(D22-1),"1100001",祝日!$B$1:$B$16)) -> 46053
B23: キャラの細かい調整 | D23: 1 | E23: =F22+1 -> 46054 | F23: =IF(E23="","",WORKDAY.INTL(E23,(D23-1),"1100001",祝日!$B$1:$B$16)) -> 46054
... B25: 簡単なCPUを入れる | D25: 2 | E25: =F24+1 -> 46056 | F25: =IF(E25="","",WORKDAY.INTL(E25,(D25-1),"1100001",祝日!$B$1:$B$16)) -> 46057

Sheet 祝日
A1: 元日 | B1: 44562
A2: 成人の日 | B2: 44571
A3: 建国記念の日 | B3: 44603
A4: 天皇誕生日 | B4: 44615
A5: 春分の日 | B5: 44641
A6: 昭和の日 | B6: 44680
A7: 憲法記念日 | B7: 44684
A8: みどりの日 | B8: 44685
A9: こどもの日 | B9: 44686
A10: 海の日 | B10: 44760
A11: 山の日 | B11: 44784
A12: 敬老の日 | B12: 44823
... A16: 勤労感謝の日 | B16: 44888
